Line#:, First Frame, Second Frame, Tile 1 Avg, Tile 2 Avg, Tile 3 Avg, Tile 4 Avg, Tile 5 Avg, Tile 6 Avg, Tile 7 Avg, Tile 8 Avg, Tile 9 Avg, MinValTile, MinValTile Idx
0, '11150', '11155', 0.09219272990847927, 1.4693116143892127, 2.351613706318986, 1.1652954558604165, 8.285074515970848, 7.411923633471872, 0.0055848771148001575, 7.286514231712374, 10.77083115087413, 0.0055848771148001575, 6
1, '11151', '11156', 0.14092975211578906, 1.9922278631284485, 3.342165236584279, 1.7591969794757603, 12.49103275305606, 11.01342995832988, 0.006369494731251146, 10.594564774838148, 15.037560182919663, 0.006369494731251146, 6
2, '11152', '11157', 0.10948257114822812, 2.5093705693072934, 4.4274023116486205, 2.269448522857388, 16.70247290049724, 14.903783148031152, 0.007636723988311056, 15.245226432971833, 20.708932956626086, 0.007636723988311056, 6
3, '11153', '11158', 0.1205980963854083, 1.7139336002151708, 2.660863076764386, 1.6424664727342275, 11.273530417246548, 9.341687721640483, 0.004471020506198242, 9.851882252387497, 11.809642538017272, 0.004471020506198242, 6
4, '11154', '11159', 0.21220786500397626, 1.9597729653304583, 3.2514356824709125, 1.7646212649311934, 11.905300433829836, 10.892158720174905, 0.004529314976569276, 11.669897388121683, 13.759798251049688, 0.004529314976569276, 6
5, '11155', '11160', 0.18707332021793732, 2.5550628075588975, 3.8151871570264575, 1.7277566191214788, 18.867161585295435, 13.853045313352652, 0.002992160732929308, 23.337076067573662, 17.938029175113343, 0.002992160732929308, 6
6, '11156', '11161', 0.003892513912957307, 1.2691937773524842, 2.537335087638951, 0.8021458403536741, 9.425316803390388, 7.813932722292577, 0.0017468656571262287, 10.01794465489644, 9.367995039993048, 0.0017468656571262287, 6
7, '11157', '11162', 0.0017655486420377203, 1.274921379041416, 2.282508007244033, 0.7283660169380255, 9.842325259750396, 8.421649377021879, 0.0015819201573175068, 14.296342457420508, 11.579004596296784, 0.0015819201573175068, 6
8, '11158', '11163', 0.01240010012978332, 1.4100812236513462, 2.197876460969894, 0.5124206504569919, 11.36375225932079, 9.787885104339011, 0.0011260783502271693, 13.807244405721178, 14.471284111057287, 0.0011260783502271693, 6
9, '11159', '11164', 0.00024079466319632762, 3.398874714013701, 6.0066108443930375, 1.3044642440355716, 37.61845472852292, 27.2574239968244, 0.0006907099116659904, 32.639990577292565, 36.560101310797336, 0.00024079466319632762, 0
10, '11160', '11165', 0.08704735974628708, 1.4946140130156351, 0.0985976535904598, 5.319675902137533, 73.02714789530819, 10.406710348693707, 0.0005228794025512219, 4.015409022173344, 0.9189877530645596, 0.0005228794025512219, 6
11, '11161', '11166', 0.2164287650838057, 3.5848857410929327, 0.016151066939799286, 9.923634671222828, 61.18645943548131, 0.9317073618235696, 0.0007455740867681783, 0.004512472738839257, 10.626322186162781, 0.0007455740867681783, 6
12, '11162', '11167', 0.23608202662416122, 4.823086624936877, 0.00194045801943378, 9.124759431564655, 46.65205810513021, 0.7316846292585666, 0.0006523245114105382, 0.0027721665608609336, 11.515828295105393, 0.0006523245114105382, 6
13, '11163', '11168', 1.8743443236012922, 60.67426364554649, 17.832138644481347, 26.114781735034057, 25.468535972088148, 22.132192006331252, 0.00031061883840168003, 0.9459036550971547, 0.0006946158832648076, 0.00031061883840168003, 6
14, '11164', '11169', 1.8006331993729532, 60.83992858888814, 16.454298279758405, 26.808093826338336, 79.43743990947496, 19.634451862370042, 0.0002675877363066438, 0.14764919629648432, 11.916576572924043, 0.0002675877363066438, 6
15, '11165', '11170', 1.5228344746629006, 38.788342413028886, 6.23168977036363, 18.41393638246609, 93.37788390018977, 6.301573374478039, 9.493594720090537e-05, 1.627825005017769, 4.21971288093323, 9.493594720090537e-05, 6
16, '11166', '11171', 2.0544764080231204, 47.50559551591232, 11.215016768931548, 20.986608157693126, 81.61340440210552, 5.884848444334295, 8.365545371425646e-05, 8.497757148395578, 0.6435008682310581, 8.365545371425646e-05, 6
17, '11167', '11172', 2.096118743254479, 38.58396648461712, 5.19467474142607, 21.147594782869646, 46.03319470089991, 12.197689944967408, 6.501648473954211e-05, 0.8982047026006654, 0.21201996009621382, 6.501648473954211e-05, 6
18, '11168', '11173', 1.1278992753659622, 11.404266505365968, 4.539732598364935, 7.814268622392376, 8.742326359738911, 1.951815717177908, 2.0393624477727836e-05, 10.721909239302704, 97.60420759639601, 2.0393624477727836e-05, 6
19, '11169', '11174', 0.7680237724366954, 58.58235533701759, 0.11291574459948439, 5.48566426198073, 32.919324289695396, 2.884527401159076, 8.02475405112268e-06, 26.545186781823077, 2.897627072040919, 8.02475405112268e-06, 6
20, '11170', '11175', 1.1729567896967552, 77.73164247699606, 0.7956535077784253, 5.896934534321417, 23.557414689387087, 4.421422467876482, 4.876159802394474e-06, 0.28583650312473097, 29.76251804293497, 4.876159802394474e-06, 6
21, '11171', '11176', 0.3292277294486077, 35.91068283363916, 24.330298358472646, 1.607297427741642, 30.33279974995844, 41.596346567735054, 2.232729067808778e-07, 21.374374496974497, 23.69257314691845, 2.232729067808778e-07, 6
22, '11172', '11177', 0.20645162924290972, 30.66779739325648, 17.304979839540465, 1.1870342994677827, 20.820735858478884, 39.08447336129848, 9.97089969459499e-07, 18.25762640380185, 21.191284901029576, 9.97089969459499e-07, 6
23, '11173', '11178', 0.09160106615777952, 9.83970900582159, 5.3691515128778065, 0.5943630133068645, 14.469450272827089, 16.907645892297296, 1.2819174508754195e-06, 14.273951438519873, 14.112530066133559, 1.2819174508754195e-06, 6
24, '11174', '11179', 0.007725139153137661, 2.203454785881206, 2.8759226365747423, 0.11020202720104155, 5.867054978126873, 11.200991041153486, 8.835310565844782e-07, 6.487857211679739, 10.958192588008387, 8.835310565844782e-07, 6
25, '11175', '11180', 0.1735073069307882, 0.13457543754272194, 0.01039607018805122, 0.2139787081139568, 0.11144479626925463, 1.3870307404050095, 6.644196160464323e-06, 0.8181169212360864, 2.6445627576649713, 6.644196160464323e-06, 6
26, '11176', '11181', 0.21889943385394872, 0.5299508273699907, 0.011430703491160321, 0.13110797497400828, 0.0023500604870091563, 0.9708737710337942, 2.8894028270313402e-06, 0.43532077201493635, 1.790900409733709, 2.8894028270313402e-06, 6
27, '11177', '11182', 0.24432949255742997, 1.4374643626008634, 0.32669285434054984, 0.35457431243282045, 0.756655682350825, 0.021537907664602507, 1.635123241112372e-05, 0.01872324465588293, 0.11695193773471146, 1.635123241112372e-05, 6
28, '11178', '11183', 0.37939556299933486, 2.2456794280945047, 0.6032289408146916, 0.47560421401193764, 1.3393156873646603, 0.07620575873465896, 1.7354190780645646e-05, 0.10357372691807143, 0.040593614451190696, 1.7354190780645646e-05, 6
29, '11179', '11184', 0.1795952679421795, 1.4207640401645136, 0.4495463250825651, 0.23184638253646828, 1.1143256874788818, 0.38249815308724067, 3.862303215018995e-06, 0.3243192850930008, 0.07546545286709616, 3.862303215018995e-06, 6
30, '11180', '11185', 0.21238851880806298, 2.8537226108329037, 1.476670640383432, 0.2950387373903176, 4.029729566137576, 3.47595235280329, 2.543281331483113e-06, 2.1779892689256144, 2.095761150041099, 2.543281331483113e-06, 6
31, '11181', '11186', 0.22025491169277078, 7.0386765452212785, 7.738396825039672, 0.740926202044875, 10.727623057427138, 17.685894413516735, 5.824815112480446e-07, 6.700452095447474, 8.141073809922318, 5.824815112480446e-07, 6
32, '11182', '11187', 0.15072681075566052, 6.07564041532919, 9.548999754548504, 0.583004390289009, 11.132373375599855, 18.53213672996594, 1.9760732204818994e-07, 12.549090169024794, 13.219819238077037, 1.9760732204818994e-07, 6
33, '11183', '11188', 0.08920705866512524, 4.7880345439580765, 7.25553200967903, 0.5065628217870568, 10.648082419106743, 17.358471387970212, 3.660757928270142e-07, 8.54891450670317, 12.416604501988559, 3.660757928270142e-07, 6
34, '11184', '11189', 0.0023699175852631843, 10.029153924044522, 15.691707979022794, 0.798596678189373, 27.62778209222256, 66.33436795685066, 3.6732745485802375e-07, 0.2357225275348549, 34.74118150770664, 3.6732745485802375e-07, 6
35, '11185', '11190', 0.08140189823823452, 18.677433806493582, 53.73284155788133, 1.4054182251289973, 7.166966229294815, 11.472371989120859, 7.851136816783864e-07, 37.11360281934412, 6.382109540027386, 7.851136816783864e-07, 6
36, '11186', '11191', 0.16082434703116633, 21.680801719645615, 39.34534544592316, 2.056960895616399, 0.0027769682240030985, 3.675089859069672, 5.059063665394768e-10, 43.526645600970596, 21.316254044973903, 5.059063665394768e-10, 6
37, '11187', '11192', 0.08333778685358428, 12.828064856967103, 33.7928063431209, 1.7399880728080461, 2.893218421024585, 3.9508877294111358, 6.576112570082975e-08, 52.85231040127201, 11.475862463849126, 6.576112570082975e-08, 6
38, '11188', '11193', 0.18019348466761986, 21.019737415856298, 37.26952894720307, 2.198337045026747, 0.0804870198221872, 1.0558795446627869, 2.7485283581199727e-06, 42.99282537358613, 9.352154880399212, 2.7485283581199727e-06, 6
39, '11189', '11194', 0.29770589392530056, 89.08305758570441, 51.357869252393584, 2.663247252322037, 12.204622170020286, 6.899196303014957e-05, 4.843443752594655e-06, 62.83430585157839, 0.5030137111686059, 4.843443752594655e-06, 6
40, '11190', '11195', 0.0040597554709101424, 39.5462316745236, 40.976549522896676, 1.8332794467688132, 30.790964691776935, 5.7659941428685215, 1.337226668541932e-06, 52.059908473704354, 5.125019941788423, 1.337226668541932e-06, 6
41, '11191', '11196', 0.003592112658000135, 4.831821142349838, 16.129127587214498, 0.7364356513585655, 1.4011450438381559, 0.43564063348157234, 7.828761662694592e-06, 97.21938635875995, 9.174630393363316, 7.828761662694592e-06, 6
42, '11192', '11197', 0.023321001187719625, 32.24250495406977, 33.99260767900364, 1.0890553507497316, 71.35595819021637, 37.55244562038661, 3.1446946453526632e-09, 6.759989585880476, 1.1251961425478498, 3.1446946453526632e-09, 6
43, '11193', '11198', 0.06780347128375297, 25.06830105755307, 39.51038819937844, 0.7141970079765692, 71.75841787605259, 70.35325667459347, 1.6683061468547255e-07, 12.321561115095392, 2.8872499669235054, 1.6683061468547255e-07, 6
44, '11194', '11199', 0.1903703891791233, 7.1378114576260145, 39.56887455886408, 0.3272704982851451, 59.66650336316002, 44.95015027447175, 9.235714008987367e-06, 102.29589614091674, 3.968821959577568, 9.235714008987367e-06, 6
45, '11195', '11200', 0.20016798997470975, 4.058999500160155, 20.230765620772445, 0.14109665895036017, 7.714979921125234, 14.34728671115613, 5.7578345244117335e-05, 164.77984984321301, 0.3219119605900609, 5.7578345244117335e-05, 6
46, '11196', '11201', 0.4474417399842565, 5.4835916326147185, 64.51029048208147, 0.028039541041861904, 87.34323643475363, 151.24149249812854, 5.522924438785984e-06, 45.94519315110142, 9.670050000489084, 5.522924438785984e-06, 6
47, '11197', '11202', 0.42208048629754913, 1.6022882674517405, 16.68958622548962, 0.001725274544378555, 5.045791844713904, 20.979614145941014, 3.213388750950897e-05, 86.30424104543727, 0.053883737799517384, 3.213388750950897e-05, 6
48, '11198', '11203', 0.5207309847276385, 0.9011143440077696, 21.028395536543258, 0.00022573036605623518, 38.60955580288851, 124.6792660140236, 1.0689206130566587e-05, 83.75617922865786, 4.8789747276719595, 1.0689206130566587e-05, 6
49, '11199', '11204', 0.3933344664232017, 0.5590067668791221, 11.434695469572262, 0.0009013954724818064, 2.67826881506393, 28.128783213964198, 3.4524421401040985e-05, 44.09848936098774, 3.9626064950446107, 3.4524421401040985e-05, 6
50, '11200', '11205', 0.6322986611418315, 0.08260090547690258, 12.39030083638005, 0.19313015525364108, 34.551531707762706, 139.2804069838021, 9.719098590174618e-07, 4.391313068109014, 11.38029708235132, 9.719098590174618e-07, 6
51, '11201', '11206', 0.7643662058004033, 0.7434643215820103, 4.753161239206349, 0.2605298182409719, 6.218913206481602, 24.003132109697844, 0.0003549262306084544, 8.545761113522587, 8.955781547306799, 0.0003549262306084544, 6
52, '11202', '11207', 1.0126919380905406, 1.5631813553528104, 2.4720173212703145, 0.4192782210844257, 0.3878258575551605, 20.34916973336658, 6.640917333765892e-06, 16.06013788481596, 19.051191615380958, 6.640917333765892e-06, 6
53, '11203', '11208', 2.3390008861066605, 4.972742710975808, 0.1675790918655773, 2.1880531111999204, 25.231714633847332, 13.747207352244914, 0.0003581487857473066, 124.51403144098094, 62.39511515687468, 0.0003581487857473066, 6
54, '11204', '11209', 2.3408185671259076, 8.21578700573724, 0.023786704012103366, 3.173555726135021, 0.7458295920622824, 21.864580222799304, 0.0006263765254290767, 87.51071707152823, 55.23975800100834, 0.0006263765254290767, 6
55, '11205', '11210', 1.9983211535618608, 8.087849733474513, 0.6487559794233135, 3.2277166754685283, 0.743151263918719, 7.679304657409602, 0.0002863546782809513, 18.798658662512935, 100.68263761888466, 0.0002863546782809513, 6
56, '11206', '11211', 1.1134797048913612, 7.428634152031236, 0.5167864801035336, 2.3670114449914905, 0.13757309234752402, 10.019908277314471, 0.0008213305442161846, 15.532576481531635, 87.19237208472714, 0.0008213305442161846, 6
57, '11207', '11212', 1.9054562798874173, 9.979720346655313, 1.0004012987207176, 1.7170816383890184, 0.07652482428462637, 11.532144981593092, 5.262038505489592e-05, 34.29744903741175, 125.90355796815948, 5.262038505489592e-05, 6
58, '11208', '11213', 0.17363208926838425, 3.4633660407138365, 0.23472060428574437, 0.09605492181239939, 0.5256949561267312, 14.687390909195756, 0.004240866264178189, 34.470010579156224, 111.98091933656542, 0.004240866264178189, 6
59, '11209', '11214', 0.28197032443984327, 8.512641085208315, 0.9242826867275653, 0.007034783237618081, 1.4112858500328826, 22.292656051871745, 0.010184826685222248, 50.97118903561295, 137.0717748580537, 0.007034783237618081, 3
60, '11210', '11215', 0.10054183750583068, 4.055189369773871, 0.30295080994223156, 0.14153744289855297, 2.0019202654925863, 18.124484696949366, 0.013819323390634963, 41.269072063154454, 107.29327683773681, 0.013819323390634963, 6
61, '11211', '11216', 0.00017969154933817136, 4.348584344204539, 24.33502617878389, 0.7504161842770287, 4.565015826247475, 18.2373550843497, 0.023938705206333566, 55.63567965742914, 89.98595219811341, 0.00017969154933817136, 0
62, '11212', '11217', 0.24158252328493646, 13.103884783659169, 17.010322507125238, 2.4542802716264447, 4.833684941661943, 2.975796996456225, 0.041010118748595836, 40.7557703494831, 72.74735969753328, 0.041010118748595836, 6
63, '11213', '11218', 0.192450909257591, 0.10764264535333101, 13.373171679155348, 2.8254419675891427, 2.7676632192778925, 0.1363002713566317, 0.04145742167560584, 27.58396327943865, 23.583291886026018, 0.04145742167560584, 6
64, '11214', '11219', 0.10979151815073696, 2.294433265453236, 14.497040854076658, 2.3431456742972756, 4.582298867434531, 25.687986408193865, 0.016160048310759345, 23.580962402948217, 59.33219178000968, 0.016160048310759345, 6
65, '11215', '11220', 1.7558484780376062, 29.375615157219727, 106.59274198355797, 10.283186918634101, 29.878423595659115, 1003.9342355469707, 0.0654145872906362, 3.411063337419421, 129.6446806314052, 0.0654145872906362, 6
66, '11216', '11221', 1.8935742844269186, 0.16709032615455843, 109.98924051855283, 11.415716921128535, 4.253001499604579, 932.653211033452, 0.04614204245250364, 5.179598750579316, 204.56976558191036, 0.04614204245250364, 6
67, '11217', '11222', 1.4995107538374128, 1.8056986631620475, 17.67924539866749, 11.077382503670435, 2.749292872475962, 3.461074266485653, 0.016953382237261394, 0.5745469465433963, 90.5058153297432, 0.016953382237261394, 6
68, '11218', '11223', 1.335115360143405, 16.594137758112083, 141.1288285858691, 15.4600365394856, 3.2843322227623872, 1768.731180182789, 0.014580093501465052, 0.000626371770465331, 878.4081333858339, 0.000626371770465331, 7
69, '11219', '11224', 2.9689666152776795, 38.4819247628368, 1075.8932526120916, 22.199986228516536, 12.569255261276396, 1409.2024070821353, 0.019683414232961383, 1.6300667389533743, 701.3041212121025, 0.019683414232961383, 6
70, '11220', '11225', 2.6525523039299657, 47.64841858254749, 427.8020556743868, 19.563843090145383, 25.6310547444466, 795.3612840734459, 0.006121698085597649, 4.3321541580953635, 699.8460302149797, 0.006121698085597649, 6
71, '11221', '11226', 0.81311570471971, 12.397227130366502, 251.54929962963797, 13.643168381359146, 16.484962478562238, 305.9435276398435, 0.0034641264377521797, 1.9207357187742815, 413.1027097371989, 0.0034641264377521797, 6
72, '11222', '11227', 3.366812154455147, 59.68019123705767, 203.33155955706025, 26.15489650011682, 48.18166437355467, 100.4049004578419, 0.009008014786449081, 8.746249098924238, 47.93725653144429, 0.009008014786449081, 6
73, '11223', '11228', 1.4587981919481905, 52.54227117654318, 5.386107413101854, 16.480707339746914, 40.58169785910286, 0.9776016547537871, 0.0017386313561278954, 3.7554289454274112, 52.946928131450704, 0.0017386313561278954, 6
74, '11224', '11229', 1.5272179139431188, 49.03454626324765, 0.043980297389119904, 19.211703839482652, 40.484624650071055, 4.406074148715163, 0.0020513569380114505, 4.262868470709691, 10.147724082699142, 0.0020513569380114505, 6
75, '11225', '11230', 0.48390036996819674, 15.623312528487588, 10.100106628086053, 9.88471384818746, 22.634878652972702, 1.0852193718615268, 0.0008798623120245853, 2.213837242315094, 162.61877833036488, 0.0008798623120245853, 6
76, '11226', '11231', 2.8612962889133655, 74.14564308064291, 4.831340051174493, 24.09113196010003, 57.293049097188714, 0.2833856112617674, 0.004541974774788182, 4.523308920543968, 0.13453859639227606, 0.004541974774788182, 6
77, '11227', '11232', 1.6293633494620394, 62.767950140172616, 7.928976421852951, 18.653310030481407, 57.17132214234175, 0.00021770945848320622, 0.012447201707040334, 3.8916228938089716, 25.591314937594007, 0.00021770945848320622, 5
78, '11228', '11233', 2.4514920651841408, 78.45001976202275, 1.9640007291309445, 24.456342101620976, 75.24560161589852, 4.1498359758682, 0.02386632951956713, 4.162669935703889, 6.9675991258650924, 0.02386632951956713, 6
79, '11229', '11234', 2.468579202792398, 112.33738540010472, 4.443476203552791, 29.58275353309, 106.62809238542104, 8.475926961869845, 0.046582433773139975, 0.6513582599218672, 28.05924386274478, 0.046582433773139975, 6
80, '11230', '11235', 4.31686461343412, 143.72069373549402, 5.119215019829028, 38.77450458659246, 139.0890029035254, 21.779240526812828, 0.09116660822911715, 0.5832794909891028, 13.724102498745424, 0.09116660822911715, 6
81, '11231', '11236', 1.8683637034718146, 109.11529190438978, 21.184919670778072, 26.31212645778669, 110.52135454603649, 4.536533840510458, 0.06756212517201732, 0.5700211226767671, 37.63798792628427, 0.06756212517201732, 6
82, '11232', '11237', 2.682304034863492, 105.05739742752576, 18.83564271395244, 17.277779415228224, 91.25781331201233, 38.31519161419442, 0.13909251578269632, 1.6767257214565348, 12.717354046323237, 0.13909251578269632, 6
83, '11233', '11238', 1.5932132347874273, 105.6909044928043, 26.487356667672657, 17.408563622777592, 123.97561485158803, 104.52075689041885, 0.13300899526600407, 1.2264542343133513, 1.007391949741887, 0.13300899526600407, 6
84, '11234', '11239', 2.321500393709414, 86.04196486808723, 26.828214176930487, 12.27571166245093, 93.05662952287184, 51.30313306354219, 0.283666808090576, 0.7575587232749967, 26.08381966005345, 0.283666808090576, 6
85, '11235', '11240', 3.060375820507261, 101.58311702000447, 27.66587180204283, 14.568791245075374, 124.27634652367851, 37.45833833136771, 0.2528710667218128, 0.37778708912188463, 37.01132085280756, 0.2528710667218128, 6
86, '11236', '11241', 2.001946915173903, 80.29135928094911, 20.24352459230272, 11.197151699871085, 100.721837034479, 35.615725569329015, 0.3227146923620836, 0.22636690171524165, 37.861185509937286, 0.22636690171524165, 7
87, '11237', '11242', 3.2459428929441856, 109.0324244986632, 35.57146573657883, 18.2507689076092, 165.581080567973, 60.34682655533834, 0.4944270113194307, 0.2892513583924625, 28.491849500853505, 0.2892513583924625, 7
88, '11238', '11243', 3.638359440580089, 86.5796231199638, 22.748555705129547, 13.531482816339121, 131.41329772654353, 41.94056869606379, 0.928237653399492, 0.12883899713330393, 26.415716476494936, 0.12883899713330393, 7
89, '11239', '11244', 2.640315064942115, 74.48030932093752, 21.05908061678042, 11.90019238213813, 123.60203620884567, 37.47486411652426, 1.1339702047407627, 0.092527899628295, 24.442794222752354, 0.092527899628295, 7
90, '11240', '11245', 2.4583823764811683, 49.18991430604933, 20.157790014065768, 9.570448208442258, 103.28765669942732, 30.93631383869797, 1.38203968625659, 0.0197528204124906, 11.191867698098633, 0.0197528204124906, 7
91, '11241', '11246', 2.3359612045023823, 66.42207407065962, 26.711375748127693, 11.590979074380868, 127.26810777633, 37.88809550880978, 1.9169126144477246, 0.013308525923495296, 14.761009858868931, 0.013308525923495296, 7
92, '11242', '11247', 0.9153305976816775, 18.475524551315402, 7.680951197690774, 4.367763796981535, 58.19016355054032, 18.05001045672634, 1.3065999915126127, 0.004159257740006306, 5.086791259191386, 0.004159257740006306, 7
93, '11243', '11248', 0.6040740952886523, 20.086412274427857, 7.639819553020288, 3.889709814251546, 68.62159731472275, 25.242407980994358, 1.9450994479885964, 0.006591492673729826, 9.363856456986696, 0.006591492673729826, 7
94, '11244', '11249', 0.25870609132313405, 16.405672713146714, 5.768537478239125, 2.9450621422076892, 59.546591694612516, 23.685462119119848, 1.8584083564064713, 0.0059967645201580155, 9.350416751375633, 0.0059967645201580155, 7
95, '11245', '11250', 0.08167983999563067, 4.9918488657681905, 2.5268731551264523, 1.0032613599289562, 28.905138526745077, 13.379844146066034, 0.9721147841287916, 0.007083985419965855, 5.019073081734859, 0.007083985419965855, 7
96, '11246', '11251', 0.026255545115090095, 4.258248423386476, 3.100494318967378, 0.9331061776555458, 31.688536647940055, 16.65415502591918, 1.0187360485017507, 0.008780697954731631, 6.559702201062464, 0.008780697954731631, 7
97, '11247', '11252', 1.1727250634615633e-06, 2.9922884129189384, 2.629702650456366, 0.4975582853708751, 26.270840307652406, 15.572503011497304, 0.9173860368717932, 0.07418847480281077, 6.6826184100833075, 1.1727250634615633e-06, 0
98, '11248', '11253', 0.004988894617783457, 0.865266903298334, 1.3073435541531495, 0.14024820121059012, 14.687738124281168, 11.474788290827803, 0.6076872616870368, 0.11039045793950208, 6.457184491191811, 0.004988894617783457, 0
99, '11249', '11254', 0.0020934377699750734, 0.6097277358563247, 1.2445532302343878, 0.10702571016771856, 13.225561993688245, 11.933878007999965, 0.5717984393568862, 0.10567470539116641, 7.867783283754989, 0.0020934377699750734, 0
100, '11250', '11255', 0.01699579451367428, 0.5494531212400524, 1.2362412243774656, 0.05288094117673925, 15.571095535208372, 15.300205102926157, 0.6979409382507953, 0.12417561837612201, 10.83311277852863, 0.01699579451367428, 0
101, '11251', '11256', 0.36314526782371104, 0.06439315953811331, 0.18414088311495735, 0.037045274197311295, 7.472650539429196, 8.767512325197458, 0.39298868532344855, 0.1422782942977543, 8.783301803762015, 0.037045274197311295, 3
102, '11252', '11257', 0.6235749285244765, 0.0001088183716074255, 0.023868244855552945, 0.7443746803276099, 5.460644728434602, 7.75356441134187, 0.1435569830371186, 0.14554198149598108, 11.965643373046134, 0.0001088183716074255, 1
103, '11253', '11258', 0.8088890454391731, 0.11527494844182229, 0.05012251813471735, 0.4724218018581361, 3.706990794599335, 5.763912712581259, 0.1486486357162562, 0.19775522971725934, 11.30621192300373, 0.05012251813471735, 2
104, '11254', '11259', 1.2427082883919525, 0.04870801455710083, 0.0008929719296013744, 0.3784439581575185, 6.444114548145308, 9.49860065879426, 0.3196560688167871, 0.2981085190612909, 17.514368201929983, 0.0008929719296013744, 2
105, '11255', '11260', 0.7326399911517569, 0.03108079300126665, 0.00020876298072025016, 0.2878484064810074, 4.463919315289843, 7.123134180610805, 0.2202840048319752, 0.27907568586019593, 13.137175071206912, 0.00020876298072025016, 2
106, '11256', '11261', 0.619625618765042, 0.031044130385496693, 0.3860936617730317, 0.07275298764341986, 9.865659538600141, 13.716814913860617, 0.5158027185608525, 0.5209861615068725, 20.31507753074402, 0.031044130385496693, 1
107, '11257', '11262', 0.09621002915410148, 0.2873718640850065, 1.342188162858534, 0.26440050800955817, 19.452073247117596, 22.233101550027868, 1.4444590320495223, 0.7953154016320383, 25.28847465670333, 0.09621002915410148, 0
108, '11258', '11263', 0.019271023426714606, 0.4719281022883024, 1.558745079839369, 0.1095419623673024, 13.210606039516279, 16.091297317200087, 0.899890348680632, 0.6638780017449655, 20.68188690466286, 0.019271023426714606, 0
109, '11259', '11264', 0.14430995495230547, 0.368118163737595, 1.2024671049090472, 0.02161124744631948, 9.757440017803901, 11.230559713190416, 0.600145569191227, 0.5802845579657436, 15.274344249166973, 0.02161124744631948, 3
110, '11260', '11265', 0.0019252668082541669, 3.927083639200873, 5.831328935139254, 0.6426976533223439, 37.063126386789236, 36.09234429895878, 2.5119813855582294, 1.8378203960537576, 28.116392571945653, 0.0019252668082541669, 0
111, '11261', '11266', 0.0261274858571916, 3.399691445823251, 6.4893815801816, 1.2968940057292002, 38.89562466700431, 35.168511786309864, 3.14763872728237, 2.1874603123938527, 20.460563655179612, 0.0261274858571916, 0
112, '11262', '11267', 0.37293877886988014, 3.2355801979074386, 8.608502989389365, 2.8694680073186305, 43.52241758701007, 37.74849642225513, 4.389715437955829, 2.3961706989668983, 31.188300087808102, 0.37293877886988014, 0
113, '11263', '11268', 1.0034130081339896, 7.637708281225969, 15.425919295426468, 4.711286736148622, 70.30408668160908, 64.02388223243997, 7.915689273319515, 3.3994386792628575, 4.01226696649934, 1.0034130081339896, 0
114, '11264', '11269', 1.467858017729725, 6.369447979534243, 17.200831023641513, 6.128720509970265, 73.29062080644599, 72.21307272804916, 9.6671379879877, 3.38582078759606, 1.1584427858946498, 1.1584427858946498, 8
115, '11265', '11270', 1.1007624777764846, 5.03419195300944, 13.759025300942142, 5.155482891947031, 56.93201272311512, 58.5411213331156, 9.571604761104254, 4.1158002110187795, 0.8748003476887476, 0.8748003476887476, 8
116, '11266', '11271', 1.5937959040428638, 8.415597788248363, 19.657248243076765, 6.061695880889658, 67.89566310585451, 76.96244597785062, 14.180596016678692, 4.6599207951636, 1.2713324553703984, 1.2713324553703984, 8
117, '11267', '11272', 0.6695276008834163, 5.20842205216519, 12.071511990835461, 3.3098275342179164, 48.12265422383666, 54.21245467606445, 9.610426611866444, 4.3487623366274875, 0.5910647438576042, 0.5910647438576042, 8
118, '11268', '11273', 0.5564848627955463, 4.116460958272228, 9.879906580687248, 2.734416934805054, 36.681676921313056, 46.49307428645102, 8.192594316071563, 4.3399585676606875, 1.081879880316606, 0.5564848627955463, 0
119, '11269', '11274', 0.7476529350045134, 6.60351494669618, 21.963090745794034, 3.2467741192965747, 47.05414579021658, 62.827101764569534, 12.183838060462278, 5.18998734798879, 4.640108552255754, 0.7476529350045134, 0
120, '11270', '11275', 0.417864752549324, 3.340301728847649, 7.786833949158392, 1.8704098738458583, 26.023371163813863, 35.287277247294696, 6.2508654894029405, 3.719705160256126, 5.079266937536943, 0.417864752549324, 0
121, '11271', '11276', 0.4919571687634203, 4.723178086759617, 12.497653367230669, 2.336027524939311, 36.14402460590304, 55.44311630685206, 8.430467779537366, 5.0037838830240275, 6.4690924114771065, 0.4919571687634203, 0
122, '11272', '11277', 0.6625577853029085, 6.222791546060819, 24.4103474000824, 2.907205636780091, 44.42010153294541, 73.64965623000535, 11.796268318314617, 6.013721851861419, 7.307565347306081, 0.6625577853029085, 0
123, '11273', '11278', 0.3346297379703742, 4.569687224618576, 14.905003656429074, 1.6215592708088025, 35.09856446484628, 64.45146170194585, 8.727710559425987, 5.559080337435773, 7.253419303969167, 0.3346297379703742, 0
124, '11274', '11279', 0.5443821776469839, 3.3874806100531174, 18.345253060435653, 2.2026858077350795, 34.08750901284316, 75.03012319517802, 8.477570714461763, 6.712805761779293, 61.83679390347811, 0.5443821776469839, 0
125, '11275', '11280', 0.5596427933887895, 4.623492856881285, 19.93971820338993, 2.3364320271050474, 41.31123314582874, 93.47553914471155, 10.743532630207483, 7.590406604413374, 68.01149465909475, 0.5596427933887895, 0
126, '11276', '11281', 0.11390110424012168, 0.6483653426841762, 10.086755644880213, 0.5842062253664295, 16.839384454038964, 45.991573126929325, 3.9461581940054344, 4.9653117487924305, 18.234219250318574, 0.11390110424012168, 0
127, '11277', '11282', 0.0038479245599030154, 0.6491522084672852, 8.952723762399728, 0.5673757792629921, 15.777292565072457, 47.36357095412154, 3.5811710918745945, 5.090068696860328, 9.464948696004512, 0.0038479245599030154, 0
128, '11278', '11283', 0.0183752749404944, 0.6774021161221668, 12.75099281403618, 1.0507239269654747, 21.47993855877212, 70.4013235923785, 5.015752373487942, 7.123276717031558, 10.033497407135883, 0.0183752749404944, 0
129, '11279', '11284', 0.00412347684970471, 0.13801323563656354, 5.054685987625135, 0.30898953138377294, 11.477316311911864, 42.78323235283119, 2.9144945654536514, 5.480027983385355, 6.81627927526057, 0.00412347684970471, 0
130, '11280', '11285', 0.05258706992197748, 0.021660826873110217, 5.118070395738187, 0.033906171961046505, 9.518468306994748, 54.870848275953904, 2.4732623787442662, 6.692565980202062, 9.041017908191918, 0.021660826873110217, 1
131, '11281', '11286', 0.03776276740524254, 0.010779818430491306, 3.5803964527318044, 0.015732337962678145, 6.513598677361244, 36.20900838927719, 1.5516909787604618, 5.140114727794355, 7.517331654635257, 0.010779818430491306, 1
132, '11282', '11287', 0.20429054940046854, 0.002823173453449637, 2.959112040061939, 0.04522419943128875, 5.2759721035045, 46.8047755377213, 1.2191149684963563, 5.773009427882755, 10.404947589249844, 0.002823173453449637, 1
133, '11283', '11288', 0.03572820284099354, 0.13069773918889283, 5.4292840678429, 0.24604883855151005, 9.678241274143375, 62.70548841612822, 2.286806159329217, 7.7804390238461565, 11.552903921343386, 0.03572820284099354, 0
134, '11284', '11289', 0.026772365906389206, 0.11614564702000507, 4.569822796052904, 0.09873987169066822, 7.889350642582031, 56.67243340396908, 1.7069474357539463, 7.2669575053328685, 12.951875853964395, 0.026772365906389206, 0
135, '11285', '11290', 0.015051974930724521, 0.26079651779739166, 3.844948619116849, 0.45213233761893434, 6.878218756436581, 35.408439036518985, 1.3877139889582537, 5.292984391439859, 9.65578325492993, 0.015051974930724521, 0
136, '11286', '11291', 0.004588670358373292, 0.22052406854996676, 5.676342286024067, 0.3394974213981108, 9.814464863451633, 61.09000483993441, 1.9522817356548927, 8.27249878442268, 14.269851444090875, 0.004588670358373292, 0
137, '11287', '11292', 0.027329572193593776, 0.16707185844811878, 5.0354876607758, 0.29203566923798974, 8.77994863604323, 57.033813827664744, 1.7623910438801573, 8.536716808329459, 15.357431608329591, 0.027329572193593776, 0
138, '11288', '11293', 0.7352344183345849, 0.07630193033458799, 0.28082630555049093, 0.3915452410112721, 0.6553808325869603, 20.73597931041968, 0.10188299522909361, 5.1090829136347224, 14.517109694299734, 0.07630193033458799, 1
139, '11289', '11294', 1.291996451726746, 0.2668850571499206, 0.1268004554797253, 0.9353059756112003, 0.28351768658154697, 22.934690313560168, 0.019327769077372103, 5.455904521114462, 18.959297495150395, 0.019327769077372103, 6
140, '11290', '11295', 1.1840562067402658, 0.2351342507168397, 0.32932342848704366, 0.9631599075555677, 0.624507408709988, 33.338031708525705, 0.025663266502925275, 7.353531333342289, 23.498712443563136, 0.025663266502925275, 6
141, '11291', '11296', 1.2175723064758728, 0.2089737086807455, 0.15695965811488577, 0.9963178022950139, 0.16849052138474008, 24.677868045779405, 0.0015254537289094566, 6.0669988127670536, 21.89373172483124, 0.0015254537289094566, 6
142, '11292', '11297', 0.7041945495514348, 0.13669257871772178, 0.05936475093549021, 0.7027042019258865, 0.17157794118535108, 17.943740954526447, 0.00025764404812989375, 5.120413721903105, 19.05320635071257, 0.00025764404812989375, 6
143, '11293', '11298', 0.30303992023306137, 0.04129980777061193, 0.12609923135858825, 0.2859004953131752, 0.3769210068845865, 13.796700449758248, 0.005983951234922957, 4.12842839117053, 15.551423871916143, 0.005983951234922957, 6
144, '11294', '11299', 1.3050481320443765, 0.053983790442857504, 0.09981037703468942, 0.451063351693449, 0.4084054041406695, 22.11627211196992, 0.00044196964734652747, 6.089076175201683, 22.658101525602433, 0.00044196964734652747, 6
145, '11295', '11300', 1.7110376233622446, 0.2941325899077043, 0.03691366182547373, 1.2880880558170702, 0.017512049313811673, 26.65092770314459, 0.0338689317594556, 8.062177767875255, 36.717450424550634, 0.017512049313811673, 4
146, '11296', '11301', 1.3671818297225968, 0.2915594695824417, 0.0006536342863521782, 1.159607841691468, 0.00013442749381649497, 15.906988291158086, 0.04693889230350212, 5.674477015404648, 28.532175425906644, 0.00013442749381649497, 4
147, '11297', '11302', 2.066810001781562, 0.29746788235346244, 0.1840203057470582, 1.6658017581632976, 0.04626174944002415, 39.11031158576429, 0.08233715098846517, 13.750257286783437, 83.55604656133801, 0.04626174944002415, 4
148, '11298', '11303', 2.269784718589122, 0.3155327887832051, 0.43558083736514064, 1.5809586198432868, 0.06459073957742678, 23.432904216134375, 0.020820102981326194, 0.30549631297253654, 63.9131764392514, 0.020820102981326194, 6
149, '11299', '11304', 1.0982617276406472, 0.1490630337792851, 0.7119498704406055, 0.7646645192508892, 0.41154312243367386, 42.13089813040847, 0.0031308865918681233, 18.386973541515772, 110.1277480660101, 0.0031308865918681233, 6
150, '11300', '11305', 0.6743797405946772, 0.0236016010327591, 2.018006299884533, 0.3093464033044171, 1.7274767756044298, 15.892758429050446, 0.09629385357499132, 19.878710411669317, 75.7012809760281, 0.0236016010327591, 1
151, '11301', '11306', 0.6898032284618161, 0.021980850080183245, 2.0855718932616583, 0.29119146208637403, 1.7327484049403665, 2.3619477867083702, 0.09826251044359324, 19.828084248867754, 79.28084740069698, 0.021980850080183245, 1
152, '11302', '11307', 0.5280659601071989, 0.013528492819177063, 2.18903047002874, 0.1671419826787366, 1.9351168936086793, 59.830463119171554, 0.17690899544046434, 19.173809355402227, 69.70075265738706, 0.013528492819177063, 1
153, '11303', '11308', 0.5011564860169848, 0.024562591525537414, 2.389243258227225, 0.19721903284077857, 1.6727147044730941, 67.8191304486827, 0.10503720896439805, 19.1017295033746, 78.87743838293773, 0.024562591525537414, 1
154, '11304', '11309', 0.3900993150011942, 0.006483335468254803, 4.414923649057755, 0.1748489304869203, 2.096539541127868, 3.7498861740023273, 0.330067194136646, 0.7628718673420423, 167.88426339649595, 0.006483335468254803, 1
155, '11305', '11310', 0.4732928555533569, 0.006316099249616125, 4.254027218486556, 0.18091261711131867, 1.4738283850579705, 2.792092014091452, 0.26027268165904616, 19.702732522306178, 17.805029877476045, 0.006316099249616125, 1
156, '11306', '11311', 0.3488885017213903, 0.001198636876376613, 12.48958177847777, 0.10567183775270905, 0.34373694476948913, 9.345926360555495, 0.7600851350931102, 1.2083538794072979, 329.61035224288935, 0.001198636876376613, 1
157, '11307', '11312', 0.13416725288309195, 0.006391921067345818, 9.084132395954839, 0.021899391579813576, 3.299704977625936, 8.344024375238007, 0.5245698620558734, 2.984787451681825, 20.62179298349656, 0.006391921067345818, 1
158, '11308', '11313', 0.23834506849300752, 0.0030829781768562103, 12.981361066777538, 0.08182568903290477, 1.0679358848179277, 74.17910207750629, 0.6191316646824454, 2.489011339923536, 381.48827873374466, 0.0030829781768562103, 1
159, '11309', '11314', 0.39464953676942116, 0.0053300082675256655, 8.154375784988645, 0.14234478355525937, 1.6056006564099903, 42.88405212393263, 0.21697887364184343, 18.930892482320814, 23.250746148998815, 0.0053300082675256655, 1
160, '11310', '11315', 0.30866068114848133, 0.006116266262559622, 8.102176320517401, 0.10176077548420892, 2.723991469509258, 37.89441795722291, 0.35078582016808824, 1.9967882834139914, 0.06198273780040697, 0.006116266262559622, 1
161, '11311', '11316', 0.5059025180152368, 0.0378930408171394, 4.492224332579099, 0.2282025243496264, 1.5284730402802325, 4.186216503922026, 0.14828507605233554, 12.653279699407506, 28.817036937182138, 0.0378930408171394, 1
162, '11312', '11317', 0.4967575050348074, 0.025382965849559902, 7.806503445641283, 0.12748568262418303, 2.6019802465935413, 6.486036706594916, 0.2760465199800457, 0.13436235343553538, 34.61766071931288, 0.025382965849559902, 1
163, '11313', '11318', 0.6698138214646043, 0.012182363116995332, 3.0997387021630516, 0.0910538564625405, 1.421421435979994, 4.390489737721111, 0.2412431569591753, 26.585276599109648, 55.313115168886725, 0.012182363116995332, 1
164, '11314', '11319', 0.4564897141926991, 0.00018808964979190324, 1.6287167059783911, 0.01243940424304335, 1.7080587169004957, 35.79189326958385, 0.3301893186342433, 17.68456290634481, 119.06449469676681, 0.00018808964979190324, 1
165, '11315', '11320', 0.10534524005667212, 0.004163969946267498, 0.11410106562568334, 0.00010499972122603955, 0.8779448293737779, 21.81214309693678, 0.18714914742459232, 22.302977624407504, 75.22543443263567, 0.00010499972122603955, 3
166, '11316', '11321', 0.07378858252019427, 0.0033645793226012716, 2.5331691228914224, 0.0016576288387760152, 0.6238133970834134, 8.103535019404774, 0.15649451916493717, 20.233699742271938, 70.55962509205074, 0.0016576288387760152, 3
167, '11317', '11322', 0.17954667163877858, 0.0019344306684596635, 3.7758191195907784, 0.031676298982369566, 0.27909583835966956, 6.238278882729503, 0.04434980707088698, 17.915070053233876, 65.59312093589051, 0.0019344306684596635, 1
168, '11318', '11323', 0.10084970224751544, 0.0025519729607814817, 2.8624344970978655, 0.014116261779251182, 0.2237476546799968, 4.32538808407935, 0.0331864585710504, 11.424640919620344, 47.28100126845334, 0.0025519729607814817, 1
169, '11319', '11324', 0.15698844520340405, 0.00011273872624274154, 0.17548208973537616, 0.00638280342015124, 0.3050841185825135, 6.125857024005711, 0.07555473381049982, 12.922621289795643, 49.25185057312865, 0.00011273872624274154, 1
170, '11320', '11325', 0.12247467112353494, 0.00024539089234082434, 1.038670162382914, 0.0027725062885730622, 0.4370861924872429, 6.423734376426182, 0.10083942430514359, 15.70207777383672, 57.86663570454971, 0.00024539089234082434, 1
171, '11321', '11326', 0.02221837598696852, 0.03653805843727853, 1.0139519455062782, 0.09269853445948684, 0.688409892355768, 3.174591302871704, 0.37826122957200425, 9.431986149514216, 21.76795964192229, 0.02221837598696852, 0
172, '11322', '11327', 0.038393681796978996, 0.026406969656483037, 0.37359768745065836, 0.1686988671455234, 0.5936825646786339, 1.6502293687540401, 0.4340183902121595, 4.956976473108682, 9.712032198434883, 0.026406969656483037, 1
173, '11323', '11328', 0.13893988466623242, 0.13243401613921435, 1.1826090096184458, 0.36927863207282385, 1.12824467579253, 2.3525347787295345, 0.5500199457549257, 5.217104351277385, 10.816542617895038, 0.13243401613921435, 1
174, '11324', '11329', 0.05102955524947905, 0.008918278607552621, 0.07724239651064924, 0.07175223415675092, 0.18309653660379865, 0.17376673064831394, 0.1637306507295797, 0.8283538029560447, 1.583547065895857, 0.008918278607552621, 1
175, '11325', '11330', 0.0706145518963277, 0.03761740494776711, 0.048407690568270434, 0.08780059197000956, 0.158840133807999, 0.00995447553658707, 0.10238168569444284, 0.05200623544091543, 0.06841815118307526, 0.00995447553658707, 5
176, '11326', '11331', 0.023257160070500937, 0.01125670259407574, 0.5045316340857795, 0.09331071296759674, 0.3258403420608289, 2.1850994359607654, 0.24405000386205078, 2.934795190745959, 5.547663597100438, 0.01125670259407574, 1
177, '11327', '11332', 0.015433036718040194, 0.008126204186007568, 0.7957484668602923, 0.08575216102855521, 0.3074898644938493, 2.0227663321146707, 0.31947708290815413, 3.9592394270223394, 6.368176017078952, 0.008126204186007568, 1
178, '11328', '11333', 0.42851110213976895, 0.10842160175971927, 1.5967801406577706, 0.6669835749378628, 1.5134807472495595, 4.377437688367536, 0.8844146115130549, 8.132206873065627, 14.465978814234631, 0.10842160175971927, 1
179, '11329', '11334', 0.24218176951650605, 0.043105319769694894, 2.466844377051757, 0.354201812499241, 0.9222612025369017, 5.448944438456294, 0.7703206193814935, 12.376673810928196, 24.291495853427477, 0.043105319769694894, 1
180, '11330', '11335', 0.1889604732106278, 0.0290441872105609, 4.711076633728283, 0.27840225557372733, 1.3388265276883118, 14.196317538528604, 0.5576660923460999, 26.479062513595863, 58.793481498007395, 0.0290441872105609, 1
181, '11331', '11336', 0.010001356349680857, 5.8354715228912815e-05, 4.755796960722591, 0.022410081341300847, 1.1699894569670164, 76.03361469321044, 0.3364843384191296, 45.63188188114964, 183.217235666325, 5.8354715228912815e-05, 1
182, '11332', '11337', 0.01739930756634167, 4.675724764839498e-06, 3.036879407486609, 0.03128834851509055, 1.7093851257234292, 738.5468265682903, 0.39054021699372754, 54.99220276643632, 12.910104269394651, 4.675724764839498e-06, 1
183, '11333', '11338', 0.006069551107486859, 1.7764346386522087e-05, 19.582175461943052, 0.029542398655210356, 2.621541473618038, 16.670769786033134, 0.7302857613930236, 90.06418646908423, 0.09252896934732746, 1.7764346386522087e-05, 1
184, '11334', '11339', 0.00011984702994860628, 0.0018709313281473627, 34.56083787960438, 0.014722657692758434, 3.0934001885589737, 16.668772306817118, 0.6645692628974444, 107.62952380193838, 1.3895272521193789, 0.00011984702994860628, 0
185, '11335', '11340', 0.00042256051029257793, 0.0005199924899428887, 35.04663802530649, 0.061574979216505676, 2.984844706716686, 12.469319078674971, 0.9530600916844243, 102.31175411981894, 217.99475899898334, 0.00042256051029257793, 0
186, '11336', '11341', 0.005508164063341647, 0.00900323374849471, 38.11478186701811, 0.1827540667956704, 3.389585918269006, 11.716784399379549, 1.173770048965764, 62.530815306181694, 3.5670931590817077, 0.005508164063341647, 0
187, '11337', '11342', 0.009207224631755162, 0.011951069242592871, 20.13452540646631, 0.16637541255735133, 3.286696554923992, 30.589805175104857, 0.9527961650484862, 49.76255409251303, 97.6844602227211, 0.009207224631755162, 0
188, '11338', '11343', 0.025895968675522463, 0.001126113103248949, 23.657970311513964, 0.03423155115002885, 3.5066908805584376, 39.066475730962566, 0.8635993952155196, 56.52905178322635, 87.09342876741721, 0.001126113103248949, 1
189, '11339', '11344', 0.0001001784233189704, 0.01197516627575923, 19.152563883335688, 0.15632828258505072, 4.907750939172729, 44.404670293155505, 1.2724109410910955, 50.69248356303433, 71.24840386659434, 0.0001001784233189704, 0
190, '11340', '11345', 0.01204696512382869, 0.047044617105491904, 35.295055886541604, 0.3541146946491267, 6.247303776717899, 45.77272026745618, 1.6869792715624499, 48.860343449323636, 81.80031271284042, 0.01204696512382869, 0
191, '11341', '11346', 0.05109079680210016, 0.07949311191714514, 39.3484980256801, 0.39355146075772396, 8.069645067286046, 50.29071533297247, 1.8396489552142157, 52.534681187258684, 90.53844383277828, 0.05109079680210016, 0
192, '11342', '11347', 0.05736583943488327, 0.11036002178355009, 29.471150950121228, 0.3913085169845232, 9.48955593946863, 56.31883580102135, 2.115970336311875, 58.799602202839196, 101.18647434821833, 0.05736583943488327, 0
193, '11343', '11348', 0.1016984005684316, 0.14486316983991632, 16.35394877325689, 0.3549748492385021, 5.220036735820258, 28.21385154264226, 1.1608454078356232, 22.58247245081293, 36.47467035626164, 0.1016984005684316, 0
194, '11344', '11349', 0.005129776931235064, 0.04647905459087576, 13.485605914202154, 0.1443569650293739, 2.8042544346390628, 13.714485626406315, 0.5820752448934208, 12.413869220692732, 19.851515364544184, 0.005129776931235064, 0
195, '11345', '11350', 0.049893205283101594, 0.11585262915506078, 10.339230941321148, 0.27529756560804586, 3.303533299270512, 15.660464411724263, 0.8147645380427235, 12.36975326166521, 20.44431683908101, 0.049893205283101594, 0
196, '11346', '11351', 0.024219326330332303, 0.047770432155091136, 3.271166587227526, 0.12562304731331153, 1.3195941239562359, 5.2293415039776505, 0.3340656825344901, 3.8015220651050754, 5.155306414727022, 0.024219326330332303, 0
197, '11347', '11352', 0.05152151717507625, 0.023483820563431124, 2.3257481853584636, 0.07598604126531772, 0.7403369167152505, 2.678348802961409, 0.19139568894768733, 1.7928366852220847, 2.9723255392038936, 0.023483820563431124, 1
198, '11348', '11353', 0.04901254636696084, 0.025079221917004624, 0.7756311113871597, 0.08044791179614563, 0.3993278330290764, 0.9742058052020219, 0.11191235201156147, 0.5114501772112625, 1.2212184239688781, 0.025079221917004624, 1
199, '11349', '11354', 0.08213094694157519, 0.017634549246716924, 0.3973015148875483, 0.08732948560553044, 0.1906722607111, 0.17335683318581463, 0.06845711790308329, 0.00021311821396949662, 0.020869636639887723, 0.00021311821396949662, 7
200, '11350', '11355', 0.0005415632819444488, 0.0034623800424894574, 0.15840189020954742, 0.001702072237231303, 0.22028498396142382, 1.3935423261371085, 0.02782325153770504, 2.0541322943268483, 2.509080898102539, 0.0005415632819444488, 0
201, '11351', '11356', 0.001963966738056877, 0.01686308135038761, 0.9869260578749426, 0.012516433528946325, 0.6353086547509434, 3.804748388200224, 0.08581848276403381, 4.077182469325692, 6.381758998686621, 0.001963966738056877, 0
202, '11352', '11357', 0.00129896273849206, 0.006326069856779137, 1.102883453326342, 4.432792768544803e-05, 0.6506648669088122, 5.423886721372639, 0.06891977838510943, 5.739301846206729, 6.374056748042278, 4.432792768544803e-05, 3
203, '11353', '11358', 0.003004104924023712, 0.012242349800166752, 1.0586342848913688, 0.00040459363781708904, 0.5975258698943122, 4.6699344535009, 0.06542676833157035, 5.20744486188056, 5.0025018594524795, 0.00040459363781708904, 3
204, '11354', '11359', 0.0034947334251940326, 0.06031362901819737, 3.711235377808464, 0.0068348788541714445, 1.953008355761142, 11.529021579074708, 0.247112790819358, 12.850023581749156, 20.447637272269503, 0.0034947334251940326, 0
205, '11355', '11360', 0.008684033009076997, 0.05647827658145843, 4.767421555270857, 0.009926739300576637, 2.2347901292519623, 15.805507240677116, 0.26882478920106223, 14.07301622466548, 25.782326853878658, 0.008684033009076997, 0
206, '11356', '11361', 0.020084975666698535, 0.08261099570689012, 4.306034834600325, 0.026884634173725885, 2.533724311195229, 15.852998433336381, 0.42557670909326717, 15.002495954606786, 25.0156283953786, 0.020084975666698535, 0
207, '11357', '11362', 0.1857298092002999, 0.2578099763073993, 6.535857825149151, 0.26597075576271223, 4.409033341933593, 20.694943507351127, 0.8581755579706538, 18.521176747210347, 33.78913086420857, 0.1857298092002999, 0
208, '11358', '11363', 0.18606081083649784, 0.25540337637056965, 6.360653940588236, 0.26945566240152985, 4.396943558055, 19.950476698090824, 0.8628287512724206, 18.337043698495336, 32.186887782614804, 0.18606081083649784, 0
209, '11359', '11364', 0.11222939849633295, 0.0647958441249763, 1.2627716667395816, 0.10943579538441472, 1.149036334028608, 5.206304559747025, 0.19837773499473688, 4.727450698425173, 8.034443383987536, 0.0647958441249763, 1
210, '11360', '11365', 0.005053218958939232, 0.0031465784334706037, 0.12142382380204797, 0.007314442549246403, 0.01846646659459239, 0.3142507553386622, 0.0006379789377823943, 0.5190957605613313, 2.04436563416499, 0.0006379789377823943, 6
211, '11361', '11366', 0.00011976272697681103, 0.0009447499756211203, 0.06049109390653151, 0.04243001451285111, 0.04103971494149783, 0.02818654085868233, 0.07813786434724168, 0.003812172122337698, 0.30596127093964753, 0.00011976272697681103, 0
212, '11362', '11367', 0.17660292244701115, 0.21491712135599617, 30.887379111382188, 0.6163552168489019, 2.9890208611143407, 9.298099356510704, 0.9908961780984136, 6.979328563451418, 2.9578748093062046, 0.17660292244701115, 0
213, '11363', '11368', 0.7492791302792092, 1.6857228767708534, 212.80190627205684, 2.3115720800706754, 7.1614079329046945, 23.48589466530484, 4.598566397753757, 32.00551801947677, 152.89265331550632, 0.7492791302792092, 0
214, '11364', '11369', 0.9338610436761883, 1.4534145040508974, 274.32613619849144, 3.4921556321407934, 10.977853496233593, 67.97310380967338, 6.603697524064955, 77.42978183123341, 313.76906285040604, 0.9338610436761883, 0
215, '11365', '11370', 0.564258666420475, 1.5672761882552209, 168.30772486318892, 2.263961926866841, 7.582446239346666, 1.4142571358621012, 5.083525628101654, 58.900321445637246, 137.05978348573353, 0.564258666420475, 0
216, '11366', '11371', 2.4246849569091324, 1.3232312879318329, 227.2348023511595, 7.4492308790559605, 7.52974381329301, 296.8147184743757, 18.490149269405265, 8.23394496780162, 347.98521136167983, 1.3232312879318329, 1
217, '11367', '11372', 6.359121921241467, 3.2195790832250992, 22.056711978672183, 15.900380234315037, 17.753228833645153, 17.435934456727637, 33.453386393332266, 0.8554945792786981, 31.232169260029195, 0.8554945792786981, 7
218, '11368', '11373', 4.972112176247322, 2.681298653966735, 25.558095022466887, 14.443812297638544, 23.322897709358813, 70.56800468257643, 24.694888262940594, 2.666248730366135, 4.982171470383548, 2.666248730366135, 7
219, '11369', '11374', 3.441228074065762, 1.6245678558563128, 6.755848129914796, 11.774709268290792, 17.827962696010445, 1.3241784673476928, 23.08206202637757, 1.9161891106453055, 32.41907576624362, 1.3241784673476928, 5
220, '11370', '11375', 10.50012157550833, 8.470585866612964, 115.78476758834677, 25.14720588246655, 51.20503496384481, 156.91116509479252, 40.754540526137134, 31.349398784267578, 4.3792466224504665, 4.3792466224504665, 8
221, '11371', '11376', 10.897593448179578, 3.17639695746999, 40.9365121572082, 29.03900768033145, 125.73426294795718, 240.12809392881172, 36.30714227838894, 46.998177490204625, 7.837048007422709, 3.17639695746999, 1
222, '11372', '11377', 10.956139079510251, 3.4112077694204004, 52.03885473163814, 25.912053024768284, 114.7988845082582, 181.5050657549873, 24.43950331039582, 66.04787862772446, 2.4718456396563084, 2.4718456396563084, 8
223, '11373', '11378', 8.577742974635441, 9.345733939335332, 71.68933010372348, 22.045081832799042, 68.47304603143948, 146.32036135774342, 19.401762610199512, 50.538378846006026, 37.2170440573982, 8.577742974635441, 0
224, '11374', '11379', 15.586191588317888, 9.246945160477992, 9.544604821072028, 9.293330817572553, 34.777666489299236, 443.5537045879755, 2.599762434375009, 1.049478881774121, 65.67572945910888, 1.049478881774121, 7
225, '11375', '11380', 19.006690661555922, 17.928845377328116, 0.445359117359331, 39.66414153842584, 43.05462232385457, 349.5853168261383, 2.3601420641191453, 1.1361762875509527, 16.809823265540217, 0.445359117359331, 2
226, '11376', '11381', 20.205294038333022, 18.893271955441605, 2.192851351128766, 12.506155877078129, 33.688999801954424, 51.08531854773196, 2.5566270882845856, 3.546719009219842, 3.7328692148197575, 2.192851351128766, 2
227, '11377', '11382', 13.567108253867502, 8.255257342937114, 1.1941071499501419, 39.699273517544725, 77.90085543385885, 134.01287784107262, 6.361472937126621, 1.6954782320255077, 5.791214048862457, 1.1941071499501419, 2
228, '11378', '11383', 11.341355787884822, 43.48672045060448, 366.2889071554091, 6.424790690736927, 17.660059295855035, 19.585433573267665, 1.6593917254713375, 0.9455490276729428, 0.0022958861824689536, 0.0022958861824689536, 8
229, '11379', '11384', 26.19674555153415, 18.622254334061154, 316.43947998773365, 16.913218667414412, 8.519381588614351, 0.4274048082431001, 0.43924594475596734, 0.34093138473713225, 0.7812764469719902, 0.34093138473713225, 7
230, '11380', '11385', 20.334915303124035, 42.61442754859695, 0.8355164649080429, 17.191062923929167, 58.185645947713965, 68.64185456839914, 0.00013606272194620437, 0.006504408363245062, 5.577816859564518e-06, 5.577816859564518e-06, 8
231, '11381', '11386', 23.308125110199626, 6.792381481846178, 13.216690030642212, 5.355573154874094, 10.543823280145318, 22.13061276967005, 5.001684369489168e-07, 0.004831012154839165, 0.00013128738986590074, 5.001684369489168e-07, 6
232, '11382', '11387', 27.17635646902272, 9.628198686408723, 23.98886024602689, 6.969885056930764, 12.188112658249395, 10.397727371839437, 1.514161545651788e-08, 0.0030594227251771328, 8.35957178060287e-05, 1.514161545651788e-08, 6
233, '11383', '11388', 14.741049521044488, 51.99857552043818, 1733.2786889893614, 12.63434047387642, 16.45831400156021, 1.1504449467793165, 2.3333469095743967e-08, 0.002383810002613687, 6.306761905594885e-05, 2.3333469095743967e-08, 6
234, '11384', '11389', 4.691829224505511, 67.8697964931498, 79.35852964618243, 3.9628490209385205, 4.235977715155116, 3.908033144271542, 2.5297004947099356e-07, 0.001058235465827062, 0.00011569085364330437, 2.5297004947099356e-07, 6
235, '11385', '11390', 2.7915231466955106, 11.009749475375429, 4.628150987497065, 7.1106931959732265, 3.9868586886478283, 0.2311574089397448, 1.6229319685746882e-07, 0.00069101423608732, 0.00013111689877092717, 1.6229319685746882e-07, 6
236, '11386', '11391', 0.9060557486765362, 21.943836429818703, 20.09436300775269, 0.052238161732365285, 0.6350495691129119, 0.025341664561210564, 2.882092492354464e-07, 0.0003431699216231744, 1.4367956378278214e-05, 2.882092492354464e-07, 6
237, '11387', '11392', 0.00023889379081342647, 0.14073631134071096, 2.676710264969188, 0.0009105768522570147, 0.009929454906987767, 0.000221712716839826, 1.0573402001298952e-08, 9.567638214535382e-05, 5.187656365937597e-06, 1.0573402001298952e-08, 6
238, '11388', '11393', 0.05776690148629471, 0.02266584775341607, 0.07829399271021575, 7.250689620087823e-05, 0.006760411912818898, 0.00016486502552561736, 1.862292961788099e-07, 7.060116562296196e-06, 6.644343798711816e-06, 1.862292961788099e-07, 6
239, '11389', '11394', 0.06896690182802345, 1.2951053451707253, 0.4231740562268129, 0.00025581111244990865, 0.0158625451106984, 0.0006354860910912224, 1.1057086264605132e-07, 7.263574944979729e-07, 6.086005920933647e-06, 1.1057086264605132e-07, 6
